{
  "ttscache": 1613495901.84387,
  "audio_library": 1613570236.167542,
  "filter": 1613649208.6112761
}