{
  "ttscache": 1613665739.689219,
  "audio_library": 1613748349.187746,
  "filter": 1613659404.5313768
}