{
  "ttscache": 1613495901.84387,
  "audio_library": 1613650277.44297,
  "filter": 1613651933.173078
}