{
  "ttscache": 1613407398.3581219,
  "audio_library": 1613446206.611996,
  "filter": 1613368404.083602
}