{
  "ttscache": 1613495901.84387,
  "audio_library": 1613487722.625277,
  "filter": 1613498143.10785
}