{
  "ttscache": 1613364758.2181382,
  "audio_library": 1613364466.720303,
  "filter": 1613368404.083602
}