{
  "ttscache": 1613394232.9592268,
  "audio_library": 1613364466.720303,
  "filter": 1613368404.083602
}