{
  "ttscache": 1613394232.9592268,
  "audio_library": 1613396414.73145,
  "filter": 1613368404.083602
}