{
  "ttscache": 1613495901.84387,
  "audio_library": 1613569806.71513,
  "filter": 1613501939.935052
}