{
  "ttscache": 1613495901.84387,
  "audio_library": 1613649740.6110342,
  "filter": 1613649208.6112761
}