{
  "ttscache": 1613665739.689219,
  "audio_library": 1613750661.1104388,
  "filter": 1613659404.5313768
}