{
  "ttscache": 1613665739.689219,
  "audio_library": 1613660574.53087,
  "filter": 1613659404.5313768
}