{
  "ttscache": 1613407398.3581219,
  "audio_library": 1613396414.73145,
  "filter": 1613368404.083602
}