{
  "ttscache": 1613665739.689219,
  "audio_library": 1613746953.216206,
  "filter": 1613659404.5313768
}